N_Epochs;N_games;memory_size;batch_size;gamma;lr;anneal_lr;epsilon;entropy_coef;value_loss_coef;relevant_segments;done_after_collision;model_arch
4;100;40;8;0.7;0.00075;True;-1;0.01;0.5;0;True;normal

step;episode;value;action[-10°];action[-5°];action[0°];action[5°];action[10°];reward;collision_status;length_ratio
1;1;0.02;0.2;0.2;0.2;0.2;0.2;0.0;0;0
2;1;0.02;0.2;0.2;0.2;0.2;0.2;0.01;0;0
3;1;0.01;0.2;0.2;0.2;0.2;0.2;0.01;0;0
4;1;0.02;0.2;0.2;0.2;0.2;0.2;0.0;0;0
5;1;0.01;0.2;0.2;0.2;0.2;0.2;0.01;0;0
6;1;0.02;0.2;0.2;0.2;0.2;0.2;0.0;0;0
1;2;0.02;0.2;0.2;0.2;0.2;0.2;-0.01;0;0
2;2;0.02;0.2;0.2;0.2;0.2;0.2;0.01;0;0
3;2;0.01;0.2;0.2;0.2;0.2;0.2;1;1;0
1;3;0.02;0.2;0.2;0.2;0.2;0.2;0.0;0;0
2;3;0.02;0.2;0.2;0.2;0.2;0.2;-0.01;0;0
3;3;0.02;0.2;0.2;0.2;0.2;0.2;-0.01;0;0
4;3;0.02;0.2;0.2;0.2;0.2;0.2;0.01;0;0
5;3;0.01;0.2;0.2;0.2;0.2;0.2;0.01;0;0
6;3;0.01;0.2;0.2;0.2;0.2;0.2;0.0;0;0
1;4;0.02;0.2;0.2;0.2;0.2;0.2;0.0;0;0
2;4;0.02;0.2;0.2;0.2;0.2;0.2;0.01;0;0
3;4;0.01;0.2;0.2;0.2;0.2;0.2;-0.01;0;0
4;4;0.02;0.2;0.2;0.2;0.2;0.2;0.0;0;0
5;4;0.01;0.2;0.2;0.2;0.2;0.2;0.01;0;0
6;4;0.01;0.2;0.2;0.2;0.2;0.2;-0.0;0;0
1;5;0.02;0.2;0.2;0.2;0.2;0.2;-0.0;0;0
2;5;0.02;0.2;0.2;0.2;0.2;0.2;-0.01;0;0
3;5;0.01;0.2;0.2;0.2;0.2;0.2;-0.02;0;0
4;5;0.02;0.2;0.2;0.2;0.2;0.2;-0.01;0;0
5;5;0.03;0.2;0.2;0.2;0.2;0.2;0.0;0;0
6;5;0.01;0.2;0.2;0.2;0.2;0.2;0.0;0;0
1;6;0.02;0.2;0.2;0.2;0.2;0.2;0.0;0;0
2;6;0.02;0.2;0.2;0.2;0.2;0.2;-0.01;0;0
3;6;0.02;0.2;0.2;0.2;0.2;0.2;-0.02;0;0
4;6;0.02;0.2;0.2;0.2;0.2;0.2;-0.01;0;0
5;6;0.02;0.2;0.2;0.2;0.2;0.2;-0.01;0;0
6;6;0.01;0.2;0.2;0.2;0.2;0.2;-0.0;0;0
1;7;0.02;0.2;0.2;0.2;0.2;0.2;0.0;0;0
2;7;0.02;0.2;0.2;0.2;0.2;0.2;0.0;0;0
3;7;0.01;0.2;0.2;0.2;0.2;0.2;-0.01;0;0
4;7;0.02;0.2;0.2;0.2;0.2;0.2;-0.01;0;0
5;7;0.03;0.2;0.2;0.2;0.2;0.2;0.0;0;0
6;7;0.01;0.2;0.2;0.2;0.2;0.2;0.0;0;0
1;8;0.02;0.2;0.2;0.2;0.2;0.2;-0.01;0;0
2;8;0.02;0.2;0.2;0.2;0.2;0.2;-0.01;0;0
3;8;0.01;0.2;0.2;0.2;0.2;0.2;1;1;0
1;9;0.02;0.2;0.2;0.2;0.2;0.2;0.0;0;0
2;9;0.02;0.2;0.2;0.2;0.2;0.2;-0.01;0;0
3;9;0.02;0.2;0.2;0.2;0.2;0.2;-0.02;0;0
4;9;0.01;0.2;0.2;0.2;0.2;0.2;-0.01;0;0
5;9;0.02;0.2;0.2;0.2;0.2;0.2;-0.01;0;0
6;9;0.01;0.2;0.2;0.2;0.2;0.2;-0.0;0;0
1;10;0.02;0.2;0.2;0.2;0.2;0.2;0.0;0;0
2;10;0.02;0.2;0.2;0.2;0.2;0.2;0.0;0;0
3;10;0.02;0.2;0.2;0.2;0.2;0.2;1;1;0
1;11;0.02;0.2;0.2;0.2;0.2;0.2;-0.0;0;0
2;11;0.02;0.2;0.2;0.2;0.2;0.2;-0.01;0;0
3;11;0.01;0.2;0.2;0.2;0.2;0.2;1;1;0
1;12;0.02;0.2;0.2;0.2;0.2;0.2;-0.01;0;0
2;12;0.02;0.2;0.2;0.2;0.2;0.2;-0.01;0;0
3;12;0.01;0.2;0.2;0.2;0.2;0.2;-0.02;0;0
4;12;0.01;0.2;0.2;0.2;0.2;0.2;-0.01;0;0
5;12;0.02;0.2;0.2;0.2;0.2;0.2;-0.0;0;0
6;12;0.01;0.2;0.2;0.2;0.2;0.2;0.0;0;0
1;13;0.02;0.2;0.2;0.2;0.2;0.2;-0.01;0;0
2;13;0.02;0.2;0.2;0.2;0.2;0.2;-0.01;0;0
3;13;0.01;0.2;0.2;0.2;0.2;0.2;0.0;0;0
4;13;0.02;0.2;0.2;0.2;0.2;0.2;0.01;0;0
5;13;0.01;0.2;0.2;0.2;0.2;0.2;0.01;0;0
6;13;0.01;0.2;0.2;0.2;0.2;0.2;0.0;0;0
1;14;0.02;0.2;0.2;0.2;0.2;0.2;0.0;0;0
2;14;0.02;0.2;0.2;0.2;0.2;0.2;0.01;0;0
3;14;0.01;0.2;0.2;0.2;0.2;0.2;0.0;0;0
4;14;0.02;0.2;0.2;0.2;0.2;0.2;-0.01;0;0
5;14;0.02;0.2;0.2;0.2;0.2;0.2;-0.0;0;0
6;14;0.01;0.2;0.2;0.2;0.2;0.2;0.0;0;0
1;15;0.02;0.2;0.2;0.2;0.2;0.2;0.0;0;0
2;15;0.02;0.2;0.2;0.2;0.2;0.2;0.0;0;0
3;15;0.01;0.2;0.2;0.2;0.2;0.2;-0.01;0;0
4;15;0.02;0.2;0.2;0.2;0.2;0.2;-0.01;0;0
5;15;0.02;0.2;0.2;0.2;0.2;0.2;-0.01;0;0
6;15;0.01;0.2;0.2;0.2;0.2;0.2;-0.0;0;0
1;16;0.02;0.2;0.2;0.2;0.2;0.2;0.0;0;0
2;16;0.02;0.2;0.2;0.2;0.2;0.2;-0.01;0;0
3;16;0.02;0.2;0.2;0.2;0.2;0.2;-0.02;0;0
4;16;0.01;0.2;0.2;0.2;0.2;0.2;-0.01;0;0
5;16;0.02;0.2;0.2;0.2;0.2;0.2;-0.01;0;0
6;16;0.01;0.2;0.2;0.2;0.2;0.2;-0.0;0;0
1;17;0.02;0.2;0.2;0.2;0.2;0.2;-0.0;0;0
2;17;0.02;0.2;0.2;0.2;0.2;0.2;-0.01;0;0
3;17;0.02;0.2;0.2;0.2;0.2;0.2;-0.02;0;0
4;17;0.02;0.2;0.2;0.2;0.2;0.2;-0.01;0;0
5;17;0.02;0.2;0.2;0.2;0.2;0.2;-0.01;0;0
6;17;0.01;0.2;0.2;0.2;0.2;0.2;-0.0;0;0
1;18;0.02;0.2;0.2;0.2;0.2;0.2;0.0;0;0
2;18;0.02;0.2;0.2;0.2;0.2;0.2;0.0;0;0
3;18;0.01;0.2;0.2;0.2;0.2;0.2;0.01;0;0
4;18;0.03;0.2;0.2;0.2;0.2;0.2;0.01;0;0
5;18;0.01;0.2;0.2;0.2;0.2;0.2;0.0;0;0
6;18;0.01;0.2;0.2;0.2;0.2;0.2;0.0;0;0
1;19;0.02;0.2;0.2;0.2;0.2;0.2;0.0;0;0
2;19;0.02;0.2;0.2;0.2;0.2;0.2;0.01;0;0
3;19;0.02;0.2;0.2;0.2;0.2;0.2;-0.02;0;0
4;19;0.01;0.2;0.2;0.2;0.2;0.2;0.0;0;0
5;19;0.01;0.2;0.2;0.2;0.2;0.2;0.01;0;0
6;19;0.01;0.2;0.2;0.2;0.2;0.2;0.0;0;0
1;20;0.02;0.2;0.2;0.2;0.2;0.2;0.0;0;0
2;20;0.02;0.2;0.2;0.2;0.2;0.2;-0.01;0;0
3;20;0.02;0.2;0.2;0.2;0.2;0.2;-0.02;0;0
4;20;0.01;0.2;0.2;0.2;0.2;0.2;-0.01;0;0
5;20;0.03;0.2;0.2;0.2;0.2;0.2;0.0;0;0
6;20;0.01;0.2;0.2;0.2;0.2;0.2;0.0;0;0
1;21;0.02;0.2;0.2;0.2;0.2;0.2;0.0;0;0
2;21;0.02;0.2;0.2;0.2;0.2;0.2;0.02;0;0
3;21;0.0;0.2;0.2;0.2;0.2;0.2;-0.01;0;0
4;21;0.02;0.2;0.2;0.2;0.2;0.2;0.0;0;0
5;21;0.01;0.2;0.2;0.2;0.2;0.2;0.01;0;0
6;21;0.02;0.2;0.2;0.2;0.2;0.2;0.0;0;0
1;22;0.02;0.2;0.2;0.2;0.2;0.2;0.0;0;0
2;22;0.02;0.2;0.2;0.2;0.2;0.2;0.01;0;0
3;22;0.02;0.2;0.2;0.2;0.2;0.2;-0.02;0;0
4;22;0.02;0.2;0.2;0.2;0.2;0.2;-0.01;0;0
5;22;0.01;0.2;0.2;0.2;0.2;0.2;0.01;0;0
6;22;0.01;0.2;0.2;0.2;0.2;0.2;0.0;0;0
1;23;0.02;0.2;0.2;0.2;0.2;0.2;0.0;0;0
2;23;0.02;0.2;0.2;0.2;0.2;0.2;0.02;0;0
3;23;0.01;0.2;0.2;0.2;0.2;0.2;1;1;0
1;24;0.02;0.2;0.2;0.2;0.2;0.2;-0.01;0;0
2;24;0.02;0.2;0.2;0.2;0.2;0.2;-0.01;0;0
3;24;0.01;0.2;0.2;0.2;0.2;0.2;-0.02;0;0
4;24;0.02;0.2;0.2;0.2;0.2;0.2;-0.01;0;0
5;24;0.03;0.2;0.2;0.2;0.2;0.2;0.01;0;0
6;24;0.02;0.2;0.2;0.2;0.2;0.2;0.0;0;0
1;25;0.02;0.2;0.2;0.2;0.2;0.2;-0.01;0;0
2;25;0.02;0.2;0.2;0.2;0.2;0.2;-0.01;0;0
3;25;0.02;0.2;0.2;0.2;0.2;0.2;-0.02;0;0
4;25;0.02;0.2;0.2;0.2;0.2;0.2;-0.01;0;0
5;25;0.02;0.2;0.2;0.2;0.2;0.2;-0.0;0;0
6;25;0.01;0.2;0.2;0.2;0.2;0.2;0.0;0;0
1;26;0.02;0.2;0.2;0.2;0.2;0.2;-0.01;0;0
2;26;0.02;0.2;0.2;0.2;0.2;0.2;0.01;0;0
3;26;0.01;0.2;0.2;0.2;0.2;0.2;1;1;0
1;27;0.02;0.2;0.2;0.2;0.2;0.2;0.0;0;0
2;27;0.02;0.2;0.2;0.2;0.2;0.2;1;1;0
1;28;0.02;0.2;0.2;0.2;0.2;0.2;0.0;0;0
2;28;0.02;0.2;0.2;0.2;0.2;0.2;0.01;0;0
3;28;0.01;0.2;0.2;0.2;0.2;0.2;0.01;0;0
4;28;0.02;0.2;0.2;0.2;0.2;0.2;0.0;0;0
5;28;0.02;0.2;0.2;0.2;0.2;0.2;-0.0;0;0
6;28;0.01;0.2;0.2;0.2;0.2;0.2;0.0;0;0
1;29;0.02;0.2;0.2;0.2;0.2;0.2;-0.01;0;0
2;29;0.02;0.2;0.2;0.2;0.2;0.2;-0.01;0;0
3;29;0.02;0.2;0.2;0.2;0.2;0.2;-0.02;0;0
4;29;0.02;0.2;0.2;0.2;0.2;0.2;-0.01;0;0
5;29;0.03;0.2;0.2;0.2;0.2;0.2;-0.0;0;0
6;29;0.01;0.2;0.2;0.2;0.2;0.2;0.0;0;0
1;30;0.02;0.2;0.2;0.2;0.2;0.2;0.0;0;0
2;30;0.02;0.2;0.2;0.2;0.2;0.2;0.02;0;0
3;30;0.01;0.2;0.2;0.2;0.2;0.2;1;1;0
1;31;0.02;0.2;0.2;0.2;0.2;0.2;0.0;0;0
2;31;0.02;0.2;0.2;0.2;0.2;0.2;0.0;0;0
3;31;0.01;0.2;0.2;0.2;0.2;0.2;-0.01;0;0
4;31;0.02;0.2;0.2;0.2;0.2;0.2;-0.01;0;0
5;31;0.02;0.2;0.2;0.2;0.2;0.2;-0.01;0;0
6;31;0.01;0.2;0.2;0.2;0.2;0.2;-0.0;0;0
1;32;0.02;0.2;0.2;0.2;0.2;0.2;0.0;0;0
2;32;0.02;0.2;0.2;0.2;0.2;0.2;0.01;0;0
3;32;0.02;0.2;0.2;0.2;0.2;0.2;1;1;0
1;33;0.02;0.2;0.2;0.2;0.2;0.2;0.0;0;0
2;33;0.02;0.2;0.2;0.2;0.2;0.2;0.02;0;0
3;33;0.01;0.2;0.2;0.2;0.2;0.2;1;1;0
1;34;0.02;0.2;0.2;0.2;0.2;0.2;-0.0;0;0
2;34;0.02;0.2;0.2;0.2;0.2;0.2;-0.01;0;0
3;34;0.01;0.2;0.2;0.2;0.2;0.2;-0.02;0;0
4;34;0.02;0.2;0.2;0.2;0.2;0.2;0.0;0;0
5;34;0.01;0.2;0.2;0.2;0.2;0.2;0.01;0;0
6;34;0.02;0.2;0.2;0.2;0.2;0.2;0.0;0;0
1;35;0.02;0.2;0.2;0.2;0.2;0.2;-0.01;0;0
2;35;0.02;0.2;0.2;0.2;0.2;0.2;0.01;0;0
3;35;0.01;0.2;0.2;0.2;0.2;0.2;1;1;0
1;36;0.02;0.2;0.2;0.2;0.2;0.2;-0.0;0;0
2;36;0.02;0.2;0.2;0.2;0.2;0.2;-0.01;0;0
3;36;0.02;0.2;0.2;0.2;0.2;0.2;-0.02;0;0
4;36;0.02;0.2;0.2;0.2;0.2;0.2;-0.01;0;0
5;36;0.03;0.2;0.2;0.2;0.2;0.2;0.01;0;0
6;36;0.02;0.2;0.2;0.2;0.2;0.2;0.0;0;0
1;37;0.02;0.2;0.2;0.2;0.2;0.2;-0.0;0;0
2;37;0.02;0.2;0.2;0.2;0.2;0.2;0.0;0;0
3;37;0.01;0.2;0.2;0.2;0.2;0.2;0.01;0;0
4;37;0.02;0.2;0.2;0.2;0.2;0.2;0.01;0;0
5;37;0.01;0.2;0.2;0.2;0.2;0.2;0.01;0;0
6;37;0.01;0.2;0.2;0.2;0.2;0.2;-0.0;0;0
1;38;0.02;0.2;0.2;0.2;0.2;0.2;-0.01;0;0
2;38;0.02;0.2;0.2;0.2;0.2;0.2;-0.01;0;0
3;38;0.02;0.2;0.2;0.2;0.2;0.2;0.01;0;0
4;38;0.03;0.2;0.2;0.2;0.2;0.2;0.02;0;0
5;38;0.03;0.2;0.2;0.2;0.2;0.2;0.0;0;0
6;38;0.01;0.2;0.2;0.2;0.2;0.2;0.0;0;0
1;39;0.02;0.2;0.2;0.2;0.2;0.2;0.0;0;0
2;39;0.02;0.2;0.2;0.2;0.2;0.2;0.01;0;0
3;39;0.01;0.2;0.2;0.2;0.2;0.2;0.01;0;0
4;39;0.02;0.2;0.2;0.2;0.2;0.2;0.0;0;0
5;39;0.02;0.2;0.2;0.2;0.2;0.2;-0.01;0;0
6;39;0.01;0.2;0.2;0.2;0.2;0.2;-0.0;0;0
1;40;0.02;0.2;0.2;0.2;0.2;0.2;0.0;0;0
2;40;0.02;0.2;0.2;0.2;0.2;0.2;0.0;0;0
3;40;0.01;0.2;0.2;0.2;0.2;0.2;1;1;0
1;41;-0.57;0.14;0.29;0.3;0.13;0.15;-0.01;0;0
2;41;-0.7;0.26;0.29;0.18;0.15;0.13;0.0;0;0
3;41;-0.88;0.25;0.23;0.24;0.14;0.15;-0.01;0;0
4;41;-0.89;0.19;0.17;0.23;0.2;0.22;-0.01;0;0
5;41;-0.82;0.15;0.16;0.27;0.23;0.2;-0.0;0;0
6;41;-0.85;0.18;0.15;0.31;0.17;0.19;0.0;0;0
1;42;-0.57;0.14;0.29;0.3;0.13;0.15;-0.0;0;0
2;42;-0.78;0.3;0.3;0.19;0.1;0.1;0.01;0;0
3;42;-0.26;0.35;0.27;0.21;0.08;0.09;1;1;0
1;43;-0.57;0.14;0.29;0.3;0.13;0.15;-0.0;0;0
2;43;-0.78;0.3;0.3;0.19;0.1;0.1;-0.01;0;0
3;43;-0.76;0.27;0.26;0.2;0.13;0.14;0.01;0;0
4;43;-0.85;0.17;0.16;0.22;0.23;0.22;0.01;0;0
5;43;-0.91;0.14;0.12;0.24;0.27;0.23;0.01;0;0
6;43;-0.88;0.16;0.14;0.38;0.14;0.18;0.0;0;0
1;44;-0.57;0.14;0.29;0.3;0.13;0.15;0.0;0;0
2;44;-0.56;0.26;0.2;0.2;0.14;0.19;-0.01;0;0
3;44;-0.75;0.29;0.24;0.2;0.13;0.14;-0.02;0;0
4;44;-0.99;0.22;0.18;0.2;0.19;0.2;-0.01;0;0
5;44;-0.82;0.15;0.16;0.27;0.23;0.2;-0.0;0;0
6;44;-0.85;0.18;0.15;0.31;0.17;0.19;0.0;0;0
1;45;-0.57;0.14;0.29;0.3;0.13;0.15;0.0;0;0
2;45;-0.44;0.52;0.28;0.12;0.04;0.04;1;1;0
1;46;-0.57;0.14;0.29;0.3;0.13;0.15;-0.01;0;0
2;46;-0.7;0.26;0.29;0.18;0.15;0.13;-0.01;0;0
3;46;-0.76;0.27;0.26;0.2;0.13;0.14;0.0;0;0
4;46;-0.87;0.19;0.18;0.21;0.21;0.21;0.0;0;0
5;46;-0.81;0.15;0.13;0.23;0.26;0.22;0.0;0;0
6;46;-0.91;0.15;0.14;0.37;0.16;0.19;-0.0;0;0
1;47;-0.57;0.14;0.29;0.3;0.13;0.15;0.0;0;0
2;47;-0.55;0.3;0.27;0.19;0.12;0.13;0.02;0;0
3;47;-0.26;0.35;0.27;0.21;0.08;0.09;1;1;0
1;48;-0.57;0.14;0.29;0.3;0.13;0.15;-0.0;0;0
2;48;-0.78;0.3;0.3;0.19;0.1;0.1;0.0;0;0
3;48;-0.88;0.25;0.23;0.24;0.14;0.15;0.01;0;0
4;48;-0.87;0.19;0.18;0.21;0.21;0.21;0.0;0;0
5;48;-0.81;0.15;0.13;0.23;0.26;0.22;0.01;0;0
6;48;-0.83;0.18;0.15;0.36;0.15;0.16;0.0;0;0
1;49;-0.57;0.14;0.29;0.3;0.13;0.15;-0.01;0;0
2;49;-0.7;0.26;0.29;0.18;0.15;0.13;-0.01;0;0
3;49;-0.75;0.29;0.24;0.2;0.13;0.14;0.01;0;0
4;49;-1.01;0.15;0.14;0.19;0.27;0.26;0.02;0;0
5;49;-0.78;0.15;0.15;0.25;0.24;0.22;-0.01;0;0
6;49;-0.91;0.15;0.14;0.37;0.16;0.19;-0.0;0;0
1;50;-0.57;0.14;0.29;0.3;0.13;0.15;0.0;0;0
2;50;-0.55;0.3;0.27;0.19;0.12;0.13;0.02;0;0
3;50;-0.26;0.35;0.27;0.21;0.08;0.09;1;1;0
1;51;-0.57;0.14;0.29;0.3;0.13;0.15;0.0;0;0
2;51;-0.55;0.3;0.27;0.19;0.12;0.13;0.02;0;0
3;51;-0.26;0.35;0.27;0.21;0.08;0.09;0.0;0;0
4;51;-0.89;0.19;0.17;0.23;0.2;0.22;-0.01;0;0
5;51;-1.03;0.15;0.17;0.32;0.2;0.16;-0.01;0;0
6;51;-0.85;0.18;0.15;0.31;0.17;0.19;0.0;0;0
1;52;-0.57;0.14;0.29;0.3;0.13;0.15;0.0;0;0
2;52;-0.56;0.26;0.2;0.2;0.14;0.19;-0.01;0;0
3;52;-0.75;0.29;0.24;0.2;0.13;0.14;1;1;0
1;53;-0.57;0.14;0.29;0.3;0.13;0.15;0.0;0;0
2;53;-0.44;0.52;0.28;0.12;0.04;0.04;1;1;0
1;54;-0.57;0.14;0.29;0.3;0.13;0.15;0.0;0;0
2;54;-0.56;0.26;0.2;0.2;0.14;0.19;0.01;0;0
3;54;-0.88;0.25;0.23;0.24;0.14;0.15;0.01;0;0
4;54;-0.87;0.19;0.18;0.21;0.21;0.21;0.01;0;0
5;54;-0.91;0.14;0.12;0.24;0.27;0.23;0.01;0;0
6;54;-0.88;0.16;0.14;0.38;0.14;0.18;0.0;0;0
1;55;-0.57;0.14;0.29;0.3;0.13;0.15;0.0;0;0
2;55;-0.55;0.3;0.27;0.19;0.12;0.13;-0.01;0;0
3;55;-0.74;0.25;0.26;0.21;0.14;0.14;1;1;0
1;56;-0.57;0.14;0.29;0.3;0.13;0.15;0.0;0;0
2;56;-0.44;0.52;0.28;0.12;0.04;0.04;1;1;0
1;57;-0.57;0.14;0.29;0.3;0.13;0.15;0.0;0;0
2;57;-0.56;0.26;0.2;0.2;0.14;0.19;0.0;0;0
3;57;-0.74;0.25;0.26;0.21;0.14;0.14;-0.02;0;0
4;57;-0.84;0.22;0.19;0.21;0.17;0.2;-0.01;0;0
5;57;-0.84;0.12;0.13;0.19;0.29;0.27;-0.0;0;0
6;57;-0.91;0.15;0.14;0.37;0.16;0.19;-0.0;0;0
1;58;-0.57;0.14;0.29;0.3;0.13;0.15;0.0;0;0
2;58;-0.55;0.3;0.27;0.19;0.12;0.13;0.0;0;0
3;58;-0.76;0.27;0.26;0.2;0.13;0.14;1;1;0
1;59;-0.57;0.14;0.29;0.3;0.13;0.15;0.0;0;0
2;59;-0.55;0.3;0.27;0.19;0.12;0.13;-0.01;0;0
3;59;-0.75;0.29;0.24;0.2;0.13;0.14;-0.01;0;0
4;59;-0.87;0.19;0.18;0.21;0.21;0.21;0.01;0;0
5;59;-0.91;0.14;0.12;0.24;0.27;0.23;0.01;0;0
6;59;-0.85;0.18;0.15;0.31;0.17;0.19;0.0;0;0
1;60;-0.57;0.14;0.29;0.3;0.13;0.15;0.0;0;0
2;60;-0.55;0.3;0.27;0.19;0.12;0.13;0.01;0;0
3;60;-0.88;0.25;0.23;0.24;0.14;0.15;0.0;0;0
4;60;-0.84;0.23;0.2;0.23;0.17;0.17;0.0;0;0
5;60;-0.81;0.15;0.13;0.23;0.26;0.22;0.01;0;0
6;60;-0.83;0.18;0.15;0.36;0.15;0.16;0.0;0;0
1;61;-0.57;0.14;0.29;0.3;0.13;0.15;0.0;0;0
2;61;-0.55;0.3;0.27;0.19;0.12;0.13;0.0;0;0
3;61;-0.76;0.27;0.26;0.2;0.13;0.14;1;1;0
1;62;-0.57;0.14;0.29;0.3;0.13;0.15;0.0;0;0
2;62;-0.56;0.26;0.2;0.2;0.14;0.19;0.0;0;0
3;62;-0.74;0.25;0.26;0.21;0.14;0.14;0.0;0;0
4;62;-0.87;0.19;0.18;0.21;0.21;0.21;0.0;0;0
5;62;-1.03;0.15;0.17;0.32;0.2;0.16;-0.01;0;0
6;62;-0.91;0.15;0.14;0.37;0.16;0.19;-0.0;0;0
1;63;-0.57;0.14;0.29;0.3;0.13;0.15;-0.0;0;0
2;63;-0.78;0.3;0.3;0.19;0.1;0.1;-0.01;0;0
3;63;-0.76;0.27;0.26;0.2;0.13;0.14;0.01;0;0
4;63;-0.85;0.17;0.16;0.22;0.23;0.22;0.01;0;0
5;63;-0.84;0.12;0.13;0.19;0.29;0.27;0.01;0;0
6;63;-0.99;0.15;0.13;0.39;0.15;0.18;0.0;0;0
1;64;-0.57;0.14;0.29;0.3;0.13;0.15;0.0;0;0
2;64;-0.55;0.3;0.27;0.19;0.12;0.13;0.0;0;0
3;64;-0.76;0.27;0.26;0.2;0.13;0.14;1;1;0
1;65;-0.57;0.14;0.29;0.3;0.13;0.15;-0.0;0;0
2;65;-0.78;0.3;0.3;0.19;0.1;0.1;0.0;0;0
3;65;-0.88;0.25;0.23;0.24;0.14;0.15;0.01;0;0
4;65;-0.87;0.19;0.18;0.21;0.21;0.21;0.0;0;0
5;65;-0.84;0.12;0.13;0.19;0.29;0.27;0.0;0;0
6;65;-0.85;0.18;0.15;0.31;0.17;0.19;0.0;0;0
1;66;-0.57;0.14;0.29;0.3;0.13;0.15;0.0;0;0
2;66;-0.55;0.3;0.27;0.19;0.12;0.13;0.02;0;0
3;66;-0.26;0.35;0.27;0.21;0.08;0.09;1;1;0
1;67;-0.57;0.14;0.29;0.3;0.13;0.15;0.0;0;0
2;67;-0.55;0.3;0.27;0.19;0.12;0.13;0.0;0;0
3;67;-0.76;0.27;0.26;0.2;0.13;0.14;-0.02;0;0
4;67;-0.84;0.22;0.19;0.21;0.17;0.2;-0.01;0;0
5;67;-0.81;0.15;0.13;0.23;0.26;0.22;0.0;0;0
6;67;-0.88;0.16;0.14;0.38;0.14;0.18;0.0;0;0
1;68;-0.57;0.14;0.29;0.3;0.13;0.15;0.0;0;0
2;68;-0.44;0.52;0.28;0.12;0.04;0.04;0.01;0;0
3;68;-0.76;0.27;0.26;0.2;0.13;0.14;0.0;0;0
4;68;-0.87;0.19;0.18;0.21;0.21;0.21;0.0;0;0
5;68;-0.82;0.15;0.16;0.27;0.23;0.2;-0.01;0;0
6;68;-0.86;0.16;0.14;0.35;0.16;0.19;-0.0;0;0
1;69;-0.57;0.14;0.29;0.3;0.13;0.15;-0.01;0;0
2;69;-0.7;0.26;0.29;0.18;0.15;0.13;-0.01;0;0
3;69;-0.75;0.29;0.24;0.2;0.13;0.14;-0.01;0;0
4;69;-0.87;0.19;0.18;0.21;0.21;0.21;0.0;0;0
5;69;-0.82;0.15;0.16;0.27;0.23;0.2;-0.0;0;0
6;69;-0.96;0.18;0.15;0.35;0.15;0.17;0.0;0;0
1;70;-0.57;0.14;0.29;0.3;0.13;0.15;0.0;0;0
2;70;-0.56;0.26;0.2;0.2;0.14;0.19;0.0;0;0
3;70;-0.76;0.27;0.26;0.2;0.13;0.14;0.01;0;0
4;70;-0.85;0.17;0.16;0.22;0.23;0.22;0.01;0;0
5;70;-0.84;0.12;0.13;0.19;0.29;0.27;0.0;0;0
6;70;-0.85;0.18;0.15;0.31;0.17;0.19;0.0;0;0
1;71;-0.57;0.14;0.29;0.3;0.13;0.15;0.0;0;0
2;71;-0.56;0.26;0.2;0.2;0.14;0.19;0.02;0;0
3;71;-0.32;0.27;0.25;0.23;0.12;0.13;0.0;0;0
4;71;-0.89;0.19;0.17;0.23;0.2;0.22;-0.01;0;0
5;71;-0.82;0.15;0.16;0.27;0.23;0.2;-0.01;0;0
6;71;-0.86;0.16;0.14;0.35;0.16;0.19;-0.0;0;0
1;72;-0.57;0.14;0.29;0.3;0.13;0.15;-0.01;0;0
2;72;-0.7;0.26;0.29;0.18;0.15;0.13;-0.01;0;0
3;72;-0.76;0.27;0.26;0.2;0.13;0.14;0.0;0;0
4;72;-0.87;0.19;0.18;0.21;0.21;0.21;0.0;0;0
5;72;-0.84;0.12;0.13;0.19;0.29;0.27;-0.0;0;0
6;72;-0.88;0.16;0.14;0.38;0.14;0.18;0.0;0;0
1;73;-0.57;0.14;0.29;0.3;0.13;0.15;0.0;0;0
2;73;-0.55;0.3;0.27;0.19;0.12;0.13;-0.01;0;0
3;73;-0.74;0.25;0.26;0.21;0.14;0.14;1;1;0
1;74;-0.57;0.14;0.29;0.3;0.13;0.15;0.0;0;0
2;74;-0.55;0.3;0.27;0.19;0.12;0.13;0.02;0;0
3;74;-0.26;0.35;0.27;0.21;0.08;0.09;1;1;0
1;75;-0.57;0.14;0.29;0.3;0.13;0.15;0.0;0;0
2;75;-0.56;0.26;0.2;0.2;0.14;0.19;0.0;0;0
3;75;-0.74;0.25;0.26;0.21;0.14;0.14;1;1;0
1;76;-0.57;0.14;0.29;0.3;0.13;0.15;-0.0;0;0
2;76;-0.78;0.3;0.3;0.19;0.1;0.1;0.0;0;0
3;76;-0.88;0.25;0.23;0.24;0.14;0.15;0.0;0;0
4;76;-0.84;0.23;0.2;0.23;0.17;0.17;-0.01;0;0
5;76;-0.84;0.12;0.13;0.19;0.29;0.27;-0.0;0;0
6;76;-0.91;0.15;0.14;0.37;0.16;0.19;-0.0;0;0
1;77;-0.57;0.14;0.29;0.3;0.13;0.15;0.0;0;0
2;77;-0.44;0.52;0.28;0.12;0.04;0.04;1;1;0
1;78;-0.57;0.14;0.29;0.3;0.13;0.15;0.0;0;0
2;78;-0.56;0.26;0.2;0.2;0.14;0.19;0.01;0;0
3;78;-0.88;0.25;0.23;0.24;0.14;0.15;0.01;0;0
4;78;-0.87;0.19;0.18;0.21;0.21;0.21;0.0;0;0
5;78;-0.84;0.12;0.13;0.19;0.29;0.27;0.0;0;0
6;78;-0.85;0.18;0.15;0.31;0.17;0.19;0.0;0;0
1;79;-0.57;0.14;0.29;0.3;0.13;0.15;0.0;0;0
2;79;-0.56;0.26;0.2;0.2;0.14;0.19;0.0;0;0
3;79;-0.74;0.25;0.26;0.21;0.14;0.14;1;1;0
1;80;-0.57;0.14;0.29;0.3;0.13;0.15;0.0;0;0
2;80;-0.56;0.26;0.2;0.2;0.14;0.19;0.0;0;0
3;80;-0.74;0.25;0.26;0.21;0.14;0.14;0.0;0;0
4;80;-0.87;0.19;0.18;0.21;0.21;0.21;0.0;0;0
5;80;-1.03;0.15;0.17;0.32;0.2;0.16;-0.0;0;0
6;80;-0.96;0.18;0.15;0.35;0.15;0.17;0.0;0;0
1;81;-0.33;0.14;0.34;0.14;0.15;0.23;0.0;0;0
2;81;-0.38;0.26;0.2;0.08;0.23;0.23;0.0;0;0
3;81;-0.21;0.31;0.34;0.18;0.08;0.09;1;1;0
1;82;-0.33;0.14;0.34;0.14;0.15;0.23;-0.0;0;0
2;82;-0.19;0.21;0.38;0.21;0.09;0.11;0.0;0;0
3;82;-0.15;0.12;0.14;0.21;0.27;0.26;0.0;0;0
4;82;-0.39;0.2;0.21;0.23;0.19;0.17;0.0;0;0
5;82;-0.51;0.13;0.12;0.27;0.25;0.23;0.01;0;0
6;82;-0.23;0.07;0.08;0.42;0.18;0.24;0.0;0;0
1;83;-0.33;0.14;0.34;0.14;0.15;0.23;0.0;0;0
2;83;-0.11;0.85;0.07;0.03;0.03;0.02;1;1;0
1;84;-0.33;0.14;0.34;0.14;0.15;0.23;-0.01;0;0
2;84;-0.23;0.22;0.32;0.16;0.14;0.17;0.01;0;0
3;84;0.25;0.37;0.31;0.2;0.06;0.07;1;1;0
1;85;-0.33;0.14;0.34;0.14;0.15;0.23;-0.01;0;0
2;85;-0.23;0.22;0.32;0.16;0.14;0.17;-0.01;0;0
3;85;-0.17;0.31;0.24;0.19;0.14;0.12;1;1;0
1;86;-0.33;0.14;0.34;0.14;0.15;0.23;0.0;0;0
2;86;-0.38;0.26;0.2;0.08;0.23;0.23;0.0;0;0
3;86;-0.16;0.34;0.28;0.21;0.09;0.09;0.01;0;0
4;86;-0.38;0.21;0.15;0.25;0.21;0.18;0.01;0;0
5;86;-0.53;0.14;0.14;0.23;0.25;0.24;-0.0;0;0
6;86;-0.19;0.1;0.08;0.42;0.22;0.18;-0.0;0;0
1;87;-0.33;0.14;0.34;0.14;0.15;0.23;0.0;0;0
2;87;-0.38;0.26;0.2;0.08;0.23;0.23;0.01;0;0
3;87;-0.15;0.12;0.14;0.21;0.27;0.26;1;1;0
1;88;-0.33;0.14;0.34;0.14;0.15;0.23;-0.01;0;0
2;88;-0.23;0.22;0.32;0.16;0.14;0.17;-0.01;0;0
3;88;-0.17;0.31;0.24;0.19;0.14;0.12;-0.02;0;0
4;88;-0.35;0.18;0.22;0.21;0.2;0.2;0.0;0;0
5;88;-0.4;0.12;0.12;0.22;0.27;0.26;0.01;0;0
6;88;-0.26;0.08;0.09;0.45;0.17;0.21;0.0;0;0
1;89;-0.33;0.14;0.34;0.14;0.15;0.23;0.0;0;0
2;89;-0.49;0.42;0.19;0.08;0.16;0.15;0.02;0;0
3;89;0.25;0.37;0.31;0.2;0.06;0.07;1;1;0
1;90;-0.33;0.14;0.34;0.14;0.15;0.23;0.0;0;0
2;90;-0.38;0.26;0.2;0.08;0.23;0.23;0.01;0;0
3;90;-0.15;0.12;0.14;0.21;0.27;0.26;0.0;0;0
4;90;-0.39;0.2;0.21;0.23;0.19;0.17;0.0;0;0
5;90;-0.57;0.13;0.17;0.17;0.27;0.25;0.01;0;0
6;90;-0.29;0.16;0.15;0.27;0.23;0.19;0.0;0;0
1;91;-0.33;0.14;0.34;0.14;0.15;0.23;0.0;0;0
2;91;-0.49;0.42;0.19;0.08;0.16;0.15;-0.01;0;0
3;91;-0.21;0.31;0.34;0.18;0.08;0.09;0.0;0;0
4;91;-0.39;0.21;0.19;0.22;0.2;0.18;0.0;0;0
5;91;-0.53;0.14;0.14;0.23;0.25;0.24;-0.0;0;0
6;91;-0.19;0.1;0.08;0.42;0.22;0.18;-0.0;0;0
1;92;-0.33;0.14;0.34;0.14;0.15;0.23;0.0;0;0
2;92;-0.49;0.42;0.19;0.08;0.16;0.15;0.0;0;0
3;92;-0.16;0.34;0.28;0.21;0.09;0.09;0.0;0;0
4;92;-0.39;0.21;0.19;0.22;0.2;0.18;0.0;0;0
5;92;-0.56;0.12;0.12;0.23;0.28;0.24;-0.01;0;0
6;92;-0.19;0.1;0.08;0.42;0.22;0.18;-0.0;0;0
1;93;-0.33;0.14;0.34;0.14;0.15;0.23;0.0;0;0
2;93;-0.49;0.42;0.19;0.08;0.16;0.15;0.02;0;0
3;93;0.25;0.37;0.31;0.2;0.06;0.07;1;1;0
1;94;-0.33;0.14;0.34;0.14;0.15;0.23;-0.01;0;0
2;94;-0.23;0.22;0.32;0.16;0.14;0.17;-0.01;0;0
3;94;-0.17;0.31;0.24;0.19;0.14;0.12;1;1;0
1;95;-0.33;0.14;0.34;0.14;0.15;0.23;0.0;0;0
2;95;-0.49;0.42;0.19;0.08;0.16;0.15;0.01;0;0
3;95;-0.15;0.12;0.14;0.21;0.27;0.26;-0.01;0;0
4;95;-0.39;0.11;0.12;0.15;0.33;0.3;-0.01;0;0
5;95;-0.56;0.12;0.12;0.23;0.28;0.24;-0.01;0;0
6;95;-0.19;0.1;0.08;0.42;0.22;0.18;-0.0;0;0
1;96;-0.33;0.14;0.34;0.14;0.15;0.23;0.0;0;0
2;96;-0.38;0.26;0.2;0.08;0.23;0.23;0.02;0;0
3;96;-0.17;0.22;0.24;0.21;0.17;0.16;0.0;0;0
4;96;-0.39;0.2;0.21;0.23;0.19;0.17;0.0;0;0
5;96;-0.57;0.13;0.17;0.17;0.27;0.25;0.0;0;0
6;96;-0.23;0.07;0.08;0.42;0.18;0.24;0.0;0;0
1;97;-0.33;0.14;0.34;0.14;0.15;0.23;0.0;0;0
2;97;-0.38;0.26;0.2;0.08;0.23;0.23;0.0;0;0
3;97;-0.21;0.31;0.34;0.18;0.08;0.09;1;1;0
1;98;-0.33;0.14;0.34;0.14;0.15;0.23;0.0;0;0
2;98;-0.38;0.26;0.2;0.08;0.23;0.23;0.02;0;0
3;98;-0.17;0.22;0.24;0.21;0.17;0.16;0.01;0;0
4;98;-0.39;0.21;0.19;0.22;0.2;0.18;0.01;0;0
5;98;-0.51;0.13;0.12;0.27;0.25;0.23;0.01;0;0
6;98;-0.25;0.11;0.13;0.34;0.2;0.21;0.0;0;0
1;99;-0.33;0.14;0.34;0.14;0.15;0.23;0.0;0;0
2;99;-0.11;0.85;0.07;0.03;0.03;0.02;1;1;0
1;100;-0.33;0.14;0.34;0.14;0.15;0.23;0.0;0;0
2;100;-0.38;0.26;0.2;0.08;0.23;0.23;0.02;0;0
3;100;-0.17;0.22;0.24;0.21;0.17;0.16;1;1;0
